{
  "red": {
    "sim": {
      "frechet_vs_real": {
        "p_value": 0.01621261266901045,
        "cohen_d": 6.334269727944845,
        "mean": 0.36689295179281717,
        "std": 0.06688245167295276
      },
      "mean_euclidean_vs_real": {
        "p_value": 0.016907419942406122,
        "cohen_d": 6.199456570039613,
        "mean": 0.13692788425757096,
        "std": 0.025503961498086394
      }
    },
    "mixed": {
      "frechet_vs_real": {
        "p_value": 0.03459515742728227,
        "cohen_d": 4.275089141106496,
        "mean": 0.15233432063900165,
        "std": 0.04114546299494598
      },
      "mean_euclidean_vs_real": {
        "p_value": 0.02860108095722669,
        "cohen_d": 4.723767387245669,
        "mean": 0.07704832920919101,
        "std": 0.018834066101411046
      }
    }
  }
}