{
  "green": {
    "sim": {
      "frechet_vs_real": {
        "p_value": 0.0022300014746583414,
        "cohen_d": 4.4069943632070725,
        "mean": 0.5284871312358301,
        "std": 0.1516882401980067
      },
      "mean_euclidean_vs_real": {
        "p_value": 0.0019151235313388218,
        "cohen_d": 4.58932539183756,
        "mean": 0.3184202873758648,
        "std": 0.08776308283600853
      }
    },
    "mixed": {
      "frechet_vs_real": {
        "p_value": 0.0034464040044151264,
        "cohen_d": 3.919794830247382,
        "mean": 0.2709359360947684,
        "std": 0.08743056156285833
      },
      "mean_euclidean_vs_real": {
        "p_value": 0.017945461606973877,
        "cohen_d": 2.4495914108905437,
        "mean": 0.1427191092165078,
        "std": 0.07369677224503626
      }
    },
    "mixed_entire": {
      "frechet_vs_real": {
        "p_value": 0.00739449384061452,
        "cohen_d": 3.173818088875909,
        "mean": 0.29618349265950056,
        "std": 0.1180426118851078
      },
      "mean_euclidean_vs_real": {
        "p_value": 0.0078023285991746455,
        "cohen_d": 3.125969795817553,
        "mean": 0.162767621896108,
        "std": 0.06586326140572053
      }
    },
    "vil": {
      "frechet_vs_real": {
        "p_value": 0.0003324799112585368,
        "cohen_d": 7.239035666552675,
        "mean": 0.4310698900668354,
        "std": 0.07532288808179054
      },
      "mean_euclidean_vs_real": {
        "p_value": 0.006107082778205028,
        "cohen_d": 3.3489598926259956,
        "mean": 0.38684177209224896,
        "std": 0.14611116682535705
      }
    }
  },
  "red": {
    "sim": {
      "frechet_vs_real": {
        "p_value": 0.006572071588386069,
        "cohen_d": 3.2808989034470204,
        "mean": 3.2476105471039376,
        "std": 1.2520771391333214
      },
      "mean_euclidean_vs_real": {
        "p_value": 0.020553311630480065,
        "cohen_d": 2.3499506158810375,
        "mean": 1.3862625998152194,
        "std": 0.7461854254973888
      }
    },
    "mixed": {
      "frechet_vs_real": {
        "p_value": 0.01334951823681678,
        "cohen_d": 2.676501682540456,
        "mean": 0.2691746951873567,
        "std": 0.12721159576715416
      },
      "mean_euclidean_vs_real": {
        "p_value": 0.048198674565891074,
        "cohen_d": 1.7787233495484593,
        "mean": 0.13740858616445667,
        "std": 0.09771594946532634
      }
    },
    "mixed_entire": {
      "frechet_vs_real": {
        "p_value": 6.71152963896499e-05,
        "cohen_d": 10.875019382646181,
        "mean": 0.4344258185260287,
        "std": 0.05052956735387249
      },
      "mean_euclidean_vs_real": {
        "p_value": 0.009658485200062975,
        "cohen_d": 2.9411783756739522,
        "mean": 0.3393912487191781,
        "std": 0.14596181894413374
      }
    },
    "vil": {
      "frechet_vs_real": {
        "p_value": 9.984651280959489e-06,
        "cohen_d": 17.571107550784067,
        "mean": 3.5498518045239686,
        "std": 0.25554717085215584
      },
      "mean_euclidean_vs_real": {
        "p_value": 1.686591423376897e-07,
        "cohen_d": 48.8308125700426,
        "mean": 2.0870417702721795,
        "std": 0.054062631511636317
      }
    }
  }
}