{"initial_pose_sim": [55.33, 38.272, -90], "initial_pose_real": [1.0, -1.6, 90], "sim_waypoint_list": [[55.33, 38.272], [54.52094804583332, 38.3049425405176], [53.78133299980349, 38.32858365783024], [53.106636642651424, 38.343842011019866], [52.49234075511813, 38.35163625916847], [51.933927117944556, 38.35288506135804], [51.42687751187168, 38.348507076670515], [50.96667371764047, 38.33942096418788], [50.548797515991886, 38.32654538299211], [50.1687306876669, 38.310798992165175], [49.82195501340649, 38.29310045078905], [49.5039522739516, 38.27436841794571], [49.21020425004322, 38.25552155271712], [48.93619272242231, 38.237478514185256], [48.67739947182984, 38.22115796143209], [48.42930627900678, 38.207478553539595], [48.18739492469409, 38.19735894958975], [47.94714718963274, 38.19171780866451], [47.704044854563705, 38.19147378984586], [47.45356970022795, 38.197545552215765], [47.19120350736644, 38.210851754856215], [46.912428056720145, 38.232311056849156], [46.61272512903004, 38.26284211727659], [46.28824739149286, 38.30342521311812], [45.94098670823532, 38.35557692527742], [45.57594150861188, 38.42108997412543], [45.19813506962354, 38.501759362177445], [44.81259066827124, 38.59938009194875], [44.424331581556, 38.71574716595467], [44.03838108647876, 38.85265558671047], [43.65976246004052, 39.01190035673145], [43.29349897924226, 39.19527647853291], [42.944613921084944, 39.40457895463015], [42.61813056256956, 39.64160278753846], [42.318818905330296, 39.90800034575079], [42.048010484621784, 40.20348759827264], [41.80455878950996, 40.52638498283485], [41.58726260158157, 40.87498212821943], [41.39492070242332, 41.247568663208355], [41.22633187362194, 41.64243421658366], [41.080294896764144, 42.05786841712734], [40.95560855343667, 42.492160893621396], [40.85107162522622, 42.94360127484783], [40.765482893719536, 43.410479189588656], [40.69764114050332, 43.89108426662587], [40.64633235009316, 44.38371381298417], [40.610048174367805, 44.88684173527033], [40.586985932569284, 45.39911853967319], [40.57533014686844, 45.91920241062427], [40.57326533943609, 46.44575153255511], [40.578976032443116, 46.97742408989724], [40.590646748060315, 47.51287826708219], [40.60646200845857, 48.0507722485415], [40.62460633580869, 48.58976421870669], [40.64326425228154, 49.128512362009296], [40.66062028004796, 49.665674862880856], [40.67487909666587, 50.199927757667176], [40.68515834407849, 50.73075570831247], [40.69184246763206, 51.258765402632186], [40.69540922465003, 51.78464617619302], [40.696336372455875, 52.3090873645617], [40.69510166837305, 52.83277830330492], [40.69218286972502, 53.35640832798939], [40.68805773383525, 53.88066677418185], [40.683204018027205, 54.40624297744898], [40.67809947962433, 54.93382627335751], [40.6732218759501, 55.46410599747413], [40.66904747133635, 55.9977660039534], [40.665871878126964, 56.53482689607991], [40.66363985563141, 57.07402114528332], [40.662255852384995, 57.61393322486521], [40.661624316923046, 58.153147608127234], [40.66164969778086, 58.69024876837101], [40.66223644349374, 59.22382117889818], [40.66328900259699, 59.752449313010345], [40.66471182362593, 60.27471764400915], [40.66640935511585, 60.78921064519623], [40.66828604560208, 61.29451278987318], [40.67024634361991, 61.78920855134164], [40.67219469770466, 62.27188240290326], [40.67403555639162, 62.74111881785964], [40.67567336821612, 63.19550226951242], [40.677012581713456, 63.633617231163214], [40.67795764541893, 64.05404817611364], [40.67841300786785, 64.45537957766537], [40.678283117595534, 64.83619590912], [40.67747242313729, 65.19508164377913], [40.67588537302841, 65.53062125494444], [40.67342641580421, 65.84139921591752], [40.67, 66.12599999999999]], "road_definition": "55.33,0.60,38.27@54.52,0.60,38.30@53.78,0.60,38.33@53.11,0.60,38.34@52.49,0.60,38.35@51.93,0.60,38.35@51.43,0.60,38.35@50.97,0.60,38.34@50.55,0.60,38.33@50.17,0.60,38.31@49.82,0.60,38.29@49.50,0.60,38.27@49.21,0.60,38.26@48.94,0.60,38.24@48.68,0.60,38.22@48.43,0.60,38.21@48.19,0.60,38.20@47.95,0.60,38.19@47.70,0.60,38.19@47.45,0.60,38.20@47.19,0.60,38.21@46.91,0.60,38.23@46.61,0.60,38.26@46.29,0.60,38.30@45.94,0.60,38.36@45.58,0.60,38.42@45.20,0.60,38.50@44.81,0.60,38.60@44.42,0.60,38.72@44.04,0.60,38.85@43.66,0.60,39.01@43.29,0.60,39.20@42.94,0.60,39.40@42.62,0.60,39.64@42.32,0.60,39.91@42.05,0.60,40.20@41.80,0.60,40.53@41.59,0.60,40.87@41.39,0.60,41.25@41.23,0.60,41.64@41.08,0.60,42.06@40.96,0.60,42.49@40.85,0.60,42.94@40.77,0.60,43.41@40.70,0.60,43.89@40.65,0.60,44.38@40.61,0.60,44.89@40.59,0.60,45.40@40.58,0.60,45.92@40.57,0.60,46.45@40.58,0.60,46.98@40.59,0.60,47.51@40.61,0.60,48.05@40.62,0.60,48.59@40.64,0.60,49.13@40.66,0.60,49.67@40.67,0.60,50.20@40.69,0.60,50.73@40.69,0.60,51.26@40.70,0.60,51.78@40.70,0.60,52.31@40.70,0.60,52.83@40.69,0.60,53.36@40.69,0.60,53.88@40.68,0.60,54.41@40.68,0.60,54.93@40.67,0.60,55.46@40.67,0.60,56.00@40.67,0.60,56.53@40.66,0.60,57.07@40.66,0.60,57.61@40.66,0.60,58.15@40.66,0.60,58.69@40.66,0.60,59.22@40.66,0.60,59.75@40.66,0.60,60.27@40.67,0.60,60.79@40.67,0.60,61.29@40.67,0.60,61.79@40.67,0.60,62.27@40.67,0.60,62.74@40.68,0.60,63.20@40.68,0.60,63.63@40.68,0.60,64.05@40.68,0.60,64.46@40.68,0.60,64.84@40.68,0.60,65.20@40.68,0.60,65.53@40.67,0.60,65.84@40.67,0.60,66.13",