{
  "green": {
    "sim": {
      "frechet_vs_real": {
        "p_value": 0.0024464538434929716,
        "cohen_d": 4.299163232267403,
        "mean": 0.1863910445569363,
        "std": 0.05484046121663402
      },
      "mean_euclidean_vs_real": {
        "p_value": 0.0007858517251603954,
        "cohen_d": 5.798448394977194,
        "mean": 0.08231299808111026,
        "std": 0.01795629018265335
      }
    }
  },
  "red": {
    "sim": {
      "frechet_vs_real": {
        "p_value": 0.004712253878293824,
        "cohen_d": 3.598554494651229,
        "mean": 0.2476945626818737,
        "std": 0.08706595754248603
      },
      "mean_euclidean_vs_real": {
        "p_value": 0.003273690040917986,
        "cohen_d": 3.9748181114146712,
        "mean": 0.13253029924176324,
        "std": 0.04217527371973232
      }
    }
  }
}