{
  "green": {
    "sim": {
      "frechet_vs_real": {
        "p_value": 0.0003552082270074293,
        "cohen_d": 7.117315663407265,
        "mean": 0.3111901704329232,
        "std": 0.05530566694314192
      },
      "mean_euclidean_vs_real": {
        "p_value": 0.0011352526408579336,
        "cohen_d": 5.267922312234646,
        "mean": 0.16284260106328347,
        "std": 0.03910107165173362
      }
    },
    "mixed": {
      "frechet_vs_real": {
        "p_value": 0.03639385427236276,
        "cohen_d": 1.957510081266626,
        "mean": 0.19163964980012774,
        "std": 0.1238344137616509
      },
      "mean_euclidean_vs_real": {
        "p_value": 0.011368419920980189,
        "cohen_d": 2.805620037648246,
        "mean": 0.07361966490431754,
        "std": 0.033191354289178826
      }
    },
    "vil": {
      "frechet_vs_real": {
        "p_value": 0.003945374276553178,
        "cohen_d": 3.7781410983269264,
        "mean": 0.3244537281452743,
        "std": 0.10862619998247226
      },
      "mean_euclidean_vs_real": {
        "p_value": 0.07809592292425406,
        "cohen_d": 1.489372644240035,
        "mean": 0.20119088351406367,
        "std": 0.17086964469948343
      }
    }
  },
  "red": {
    "sim": {
      "frechet_vs_real": {
        "p_value": 0.027405176807230716,
        "cohen_d": 1.2690920346572332,
        "mean": 1.3722414376726073,
        "std": 1.4417041477407992
      },
      "mean_euclidean_vs_real": {
        "p_value": 0.016428804450298668,
        "cohen_d": 1.426095744243136,
        "mean": 0.6858818641651327,
        "std": 0.6412677100481282
      }
    },
    "mixed": {
      "frechet_vs_real": {
        "p_value": 0.008977661319664472,
        "cohen_d": 1.6161041542818786,
        "mean": 0.8397692531758847,
        "std": 0.6928342672724491
      },
      "mean_euclidean_vs_real": {
        "p_value": 0.020857748372505886,
        "cohen_d": 1.3525066183718182,
        "mean": 0.4879098083973775,
        "std": 0.48099314440298097
      }
    },
    "vil": {
      "frechet_vs_real": {
        "p_value": 0.017881877473266448,
        "cohen_d": 1.3998860798062724,
        "mean": 1.4878354358004164,
        "std": 1.417101441098517
      },
      "mean_euclidean_vs_real": {
        "p_value": 0.01174136966454399,
        "cohen_d": 1.5309823642424154,
        "mean": 0.6770198085851704,
        "std": 0.5896169016683906
      }
    }
  }
}