{
  "34": {
    "dist_real": {
      "mean": 1.87204806421325,
      "std": 0.2022518703468489
    },
    "dist_mapped": {
      "mean": 1.8668868752446688,
      "std": 0.20281213397296158
    },
    "dist_sim": {
      "mean": 3.4517463965996575,
      "std": 0.07450649185189089
    },
    "avg_speed_real": {
      "mean": 0.3795440288327972,
      "std": 0.04440289029636257
    },
    "avg_speed_mapped": {
      "mean": 0.38002641348548644,
      "std": 0.04646418423591695
    },
    "avg_speed_sim": {
      "mean": 0.16921595496528122,
      "std": 0.004591163260755256
    },
    "traj_diff_sim_vs_real": {
      "mean": 0.4278406437345391,
      "std": 0.05856721667737805
    },
    "traj_diff_mapped_vs_real": {
      "mean": 0.0061376439997424355,
      "std": 0.0008473950505482839
    },
    "wass_sim_vs_real": {
      "mean": 0.40431436841185586,
      "std": 0.03524758698734465
    },
    "wass_mapped_vs_real": {
      "mean": 0.0006383320245887203,
      "std": 0.0001023481552077926
    },
    "p_value_traj_sim_vs_real": {
      "mean": 0.00011266923922502736,
      "std": 0.00011944481276455487
    },
    "d_value_traj_sim_vs_real": {
      "mean": -0.4258883205786594,
      "std": 0.059132787449086885
    },
    "p_value_traj_mapped_vs_real": {
      "mean": 0.9970311273584864,
      "std": 0.0011131970836346357
    },
    "d_value_traj_mapped_vs_real": {
      "mean": -0.0003723280322842291,
      "std": 0.0001396073166618444
    },
    "p_value_speed_sim_vs_real": {
      "mean": 7.29541544331236e-31,
      "std": 1.4590830874301229e-30
    },
    "d_value_speed_sim_vs_real": {
      "mean": 0.8285669090742278,
      "std": 0.20114964371297855
    },
    "p_value_speed_mapped_vs_real": {
      "mean": 0.7302704511564707,
      "std": 0.15208738561733587
    },
    "d_value_speed_mapped_vs_real": {
      "mean": 0.01903773417705018,
      "std": 0.010979088796413726
    }
  },
  "365": {
    "dist_real": {
      "mean": 2.7807559597869496,
      "std": 0.2589803739819186
    },
    "dist_mapped": {
      "mean": 2.7749734381967395,
      "std": 0.25954014909909046
    },
    "dist_sim": {
      "mean": 3.7599119121779294,
      "std": 0.029266463644350038
    },
    "avg_speed_real": {
      "mean": 0.7535618561802085,
      "std": 0.42601220718912264
    },
    "avg_speed_mapped": {
      "mean": 0.5458993932115686,
      "std": 0.06386047399037799
    },
    "avg_speed_sim": {
      "mean": 0.1841830730752542,
      "std": 0.0025987406883877144
    },
    "traj_diff_sim_vs_real": {
      "mean": 0.2097690708926235,
      "std": 0.06922777410704763
    },
    "traj_diff_mapped_vs_real": {
      "mean": 0.008722209711044171,
      "std": 0.001184360394473052
    },
    "wass_sim_vs_real": {
      "mean": 0.26255938839975207,
      "std": 0.06692143054875332
    },
    "wass_mapped_vs_real": {
      "mean": 0.000731935360998683,
      "std": 0.0001228102833256836
    },
    "p_value_traj_sim_vs_real": {
      "mean": 0.07212450937075905,
      "std": 0.0868486840617828
    },
    "d_value_traj_sim_vs_real": {
      "mean": -0.21017326832191624,
      "std": 0.05948267772041227
    },
    "p_value_traj_mapped_vs_real": {
      "mean": 0.998856010229483,
      "std": 0.0009537327923178024
    },
    "d_value_traj_mapped_vs_real": {
      "mean": -8.518274635884339e-06,
      "std": 0.00018659211603827872
    },
    "p_value_speed_sim_vs_real": {
      "mean": 3.704117121105015e-09,
      "std": 7.40823424221003e-09
    },
    "d_value_speed_sim_vs_real": {
      "mean": 1.0545818627086836,
      "std": 0.4502690099055372
    },
    "p_value_speed_mapped_vs_real": {
      "mean": 0.6798367576657584,
      "std": 0.3569544778334949
    },
    "d_value_speed_mapped_vs_real": {
      "mean": 0.055331184058320756,
      "std": 0.09070035976166632
    }
  },
  "39": {
    "dist_real": {
      "mean": 3.9612571456725973,
      "std": 0.29099127356433435
    },
    "dist_mapped": {
      "mean": 3.9544343936457116,
      "std": 0.29030723741665093
    },
    "dist_sim": {
      "mean": 4.0223578277476575,
      "std": 0.029031794800699232
    },
    "avg_speed_real": {
      "mean": 0.7011995483527682,
      "std": 0.0415359947682896
    },
    "avg_speed_mapped": {
      "mean": 0.7001855296590865,
      "std": 0.03772543731329951
    },
    "avg_speed_sim": {
      "mean": 0.19874672299438903,
      "std": 0.002610712049823381
    },
    "traj_diff_sim_vs_real": {
      "mean": 0.09841016294885765,
      "std": 0.028190668758365532
    },
    "traj_diff_mapped_vs_real": {
      "mean": 0.011181449943280849,
      "std": 0.0005967845713628767
    },
    "wass_sim_vs_real": {
      "mean": 0.0892932128768669,
      "std": 0.02347258117399959
    },
    "wass_mapped_vs_real": {
      "mean": 0.0008817046827742769,
      "std": 0.00019745146258243779
    },
    "p_value_traj_sim_vs_real": {
      "mean": 0.6486372507369176,
      "std": 0.22116134688613678
    },
    "d_value_traj_sim_vs_real": {
      "mean": -0.03447677603511328,
      "std": 0.04676121240845752
    },
    "p_value_traj_mapped_vs_real": {
      "mean": 0.998275390379711,
      "std": 0.0010759585880743489
    },
    "d_value_traj_mapped_vs_real": {
      "mean": 0.00014248817966095245,
      "std": 0.00021138525630937132
    },
    "p_value_speed_sim_vs_real": {
      "mean": 1.0331902393411956e-93,
      "std": 2.0663804786823913e-93
    },
    "d_value_speed_sim_vs_real": {
      "mean": 1.3503113548551617,
      "std": 0.11948028165530442
    },
    "p_value_speed_mapped_vs_real": {
      "mean": 0.678167165914046,
      "std": 0.2318751920573563
    },
    "d_value_speed_mapped_vs_real": {
      "mean": 0.022445682021821158,
      "std": 0.01804575581600853
    }
  },
  "global_stats": {
    "p_value_speed_sim_vs_real": 1.666578778172737e-120,
    "d_value_speed_sim_vs_real": 0.3178894380153253,
    "p_value_speed_mapped_vs_real": 5.950390631535974e-06,
    "d_value_speed_mapped_vs_real": 0.061037458917112215,
    "p_value_traj_sim_vs_real": 7.029637308023794e-14,
    "d_value_traj_sim_vs_real": -0.193799624284166,
    "p_value_traj_mapped_vs_real": 0.9996289998130062,
    "d_value_traj_mapped_vs_real": -1.2006227125952386e-05
  }
}