{
  "green": {
    "sim": {
      "frechet_vs_real": {
        "p_value": 0.01411540346152327,
        "cohen_d": 6.799418896439995,
        "mean": 0.2146612311472685,
        "std": 0.03645450338479397
      },
      "mean_euclidean_vs_real": {
        "p_value": 0.022767884575141246,
        "cohen_d": 5.318350196701695,
        "mean": 0.12109637918224332,
        "std": 0.026291998282518776
      }
    }
  },
  "red": {
    "sim": {
      "frechet_vs_real": {
        "p_value": 4.543704848009502e-05,
        "cohen_d": 121.12520191402879,
        "mean": 0.28003691638108474,
        "std": 0.002669624264823227
      },
      "mean_euclidean_vs_real": {
        "p_value": 0.068083253602932,
        "cohen_d": 2.967099632802656,
        "mean": 0.15805068877967285,
        "std": 0.06150828688307754
      }
    }
  }
}