{"initial_pose_sim": [33.34, 44.135999999999996, 0], "initial_pose_real": [-2, -0.8, 180], "sim_waypoint_list": [[33.34, 44.135999999999996], [33.372942540517606, 44.94505195416667], [33.39658365783024, 45.684667000196505], [33.41184201101987, 46.35936335734857], [33.419636259168485, 46.97365924488187], [33.420885061358035, 47.532072882055445], [33.41650707667051, 48.039122488128314], [33.40742096418788, 48.49932628235953], [33.394545382992106, 48.917202484008115], [33.37879899216517, 49.2972693123331], [33.36110045078905, 49.64404498659352], [33.342368417945714, 49.962047726048404], [33.323521552717125, 50.25579574995678], [33.30547851418526, 50.52980727757769], [33.289157961432096, 50.788600528170164], [33.2754785535396, 51.03669372099322], [33.26535894958975, 51.27860507530591], [33.25971780866451, 51.518852810367264], [33.25947378984586, 51.761955145436296], [33.26554555221578, 52.01243029977205], [33.27885175485622, 52.274796492633556], [33.30031105684917, 52.55357194327985], [33.33084211727659, 52.85327487096996], [33.37142521311812, 53.17775260850714], [33.42357692527742, 53.52501329176468], [33.489089974125434, 53.89005849138812], [33.56975936217745, 54.267864930376454], [33.667380091948765, 54.65340933172875], [33.78374716595467, 55.041668418444], [33.92065558671047, 55.427618913521236], [34.07990035673145, 55.80623753995947], [34.26327647853291, 56.172501020757736], [34.47257895463015, 56.52138607891505], [34.709602787538465, 56.84786943743043], [34.97600034575079, 57.1471810946697], [35.271487598272635, 57.41798951537821], [35.594384982834846, 57.66144121049003], [35.94298212821942, 57.87873739841843], [36.31556866320835, 58.071079297576674], [36.710434216583664, 58.23966812637806], [37.12586841712734, 58.38570510323585], [37.56016089362141, 58.51039144656333], [38.011601274847834, 58.61492837477378], [38.47847918958866, 58.700517106280465], [38.95908426662587, 58.76835885949668], [39.451713812984174, 58.81966764990684], [39.954841735270335, 58.8559518256322], [40.467118539673194, 58.87901406743072], [40.98720241062428, 58.89066985313157], [41.51375153255511, 58.8927346605639], [42.045424089897246, 58.8870239675569], [42.58087826708219, 58.87535325193968], [43.1187722485415, 58.85953799154144], [43.65776421870668, 58.84139366419131], [44.196512362009294, 58.822735747718454], [44.733674862880854, 58.80537971995204], [45.267927757667174, 58.79112090333413], [45.79875570831246, 58.78084165592151], [46.32676540263218, 58.77415753236794], [46.85264617619302, 58.77059077534997], [47.377087364561696, 58.769663627544126], [47.90077830330492, 58.77089833162695], [48.4244083279894, 58.77381713027498], [48.94866677418185, 58.77794226616474], [49.47424297744898, 58.782795981972804], [50.0018262733575, 58.787900520375665], [50.532105997474126, 58.792778124049896], [51.0657660039534, 58.79695252866365], [51.60282689607991, 58.80012812187304], [52.142021145283316, 58.8023601443686], [52.681933224865205, 58.80374414761501], [53.22114760812723, 58.804375683076955], [53.75824876837101, 58.80435030221914], [54.291821178898175, 58.80376355650626], [54.82044931301034, 58.80271099740301], [55.34271764400915, 58.80128817637407], [55.857210645196226, 58.79959064488415], [56.36251278987318, 58.79771395439792], [56.857208551341635, 58.79575365638009], [57.33988240290326, 58.79380530229534], [57.80911881785964, 58.79196444360838], [58.263502269512415, 58.790326631783884], [58.70161723116321, 58.788987418286546], [59.12204817611365, 58.78804235458107], [59.523379577665374, 58.78758699213215], [59.90419590911999, 58.78771688240447], [60.26308164377913, 58.78852757686271], [60.59862125494443, 58.790114626971594], [60.90939921591751, 58.79257358419579], [61.194, 58.796]], "road_definition": "33.34,0.60,44.14@33.37,0.60,44.95@33.40,0.60,45.68@33.41,0.60,46.36@33.42,0.60,46.97@33.42,0.60,47.53@33.42,0.60,48.04@33.41,0.60,48.50@33.39,0.60,48.92@33.38,0.60,49.30@33.36,0.60,49.64@33.34,0.60,49.96@33.32,0.60,50.26@33.31,0.60,50.53@33.29,0.60,50.79@33.28,0.60,51.04@33.27,0.60,51.28@33.26,0.60,51.52@33.26,0.60,51.76@33.27,0.60,52.01@33.28,0.60,52.27@33.30,0.60,52.55@33.33,0.60,52.85@33.37,0.60,53.18@33.42,0.60,53.53@33.49,0.60,53.89@33.57,0.60,54.27@33.67,0.60,54.65@33.78,0.60,55.04@33.92,0.60,55.43@34.08,0.60,55.81@34.26,0.60,56.17@34.47,0.60,56.52@34.71,0.60,56.85@34.98,0.60,57.15@35.27,0.60,57.42@35.59,0.60,57.66@35.94,0.60,57.88@36.32,0.60,58.07@36.71,0.60,58.24@37.13,0.60,58.39@37.56,0.60,58.51@38.01,0.60,58.61@38.48,0.60,58.70@38.96,0.60,58.77@39.45,0.60,58.82@39.95,0.60,58.86@40.47,0.60,58.88@40.99,0.60,58.89@41.51,0.60,58.89@42.05,0.60,58.89@42.58,0.60,58.88@43.12,0.60,58.86@43.66,0.60,58.84@44.20,0.60,58.82@44.73,0.60,58.81@45.27,0.60,58.79@45.80,0.60,58.78@46.33,0.60,58.77@46.85,0.60,58.77@47.38,0.60,58.77@47.90,0.60,58.77@48.42,0.60,58.77@48.95,0.60,58.78@49.47,0.60,58.78@50.00,0.60,58.79@50.53,0.60,58.79@51.07,0.60,58.80@51.60,0.60,58.80@52.14,0.60,58.80@52.68,0.60,58.80@53.22,0.60,58.80@53.76,0.60,58.80@54.29,0.60,58.80@54.82,0.60,58.80@55.34,0.60,58.80@55.86,0.60,58.80@56.36,0.60,58.80@56.86,0.60,58.80@57.34,0.60,58.79@57.81,0.60,58.79@58.26,0.60,58.79@58.70,0.60,58.79@59.12,0.60,58.79@59.52,0.60,58.79@59.90,0.60,58.79@60.26,0.60,58.79@60.60,0.60,58.79@60.91,0.60,58.79@61.19,0.60,58.80",