{
  "03": {
    "mean_radius_real": 1.7353547676026895,
    "std_radius_real": 0.07064906743228722,
    "mean_radius_mapped": 1.7368723958705157,
    "std_radius_mapped": 0.0703294519762737,
    "mean_radius_sim": 1.6126489000776296,
    "std_radius_sim": 0.0009621001077258617,
    "mean_length_real": 6.984466170324455,
    "std_length_real": 0.36325514361530603,
    "mean_length_mapped": 6.794290129762504,
    "std_length_mapped": 0.33817122257103416,
    "mean_length_sim": 6.4516435940167955,
    "std_length_sim": 0.23344165407117784,
    "mean_trajectory_diff_sim_vs_real": 0.17183214092066273,
    "std_trajectory_diff_sim_vs_real": 0.06412480058010761,
    "mean_trajectory_diff_mapped_vs_real": 0.01390194038574929,
    "std_trajectory_diff_mapped_vs_real": 0.0013152946972003455,
    "mean_wass_sim_vs_real": 0.18031376855917317,
    "std_wass_sim_vs_real": 0.04486188633866686,
    "mean_wass_mapped_vs_real": 0.02017416290406547,
    "std_wass_mapped_vs_real": 0.017405188509875835,
    "mean_p_value_traj_sim_vs_real": 0.6412410799802233,
    "std_p_value_traj_sim_vs_real": 0.18779701671650337,
    "mean_d_value_traj_sim_vs_real": 0.026932289232874784,
    "std_d_value_traj_sim_vs_real": 0.04811420115248773,
    "mean_p_value_traj_mapped_vs_real": 0.9345612673822485,
    "std_p_value_traj_mapped_vs_real": 0.061770263682485775,
    "mean_d_value_traj_mapped_vs_real": 0.008250920742732199,
    "std_d_value_traj_mapped_vs_real": 0.007826654312479366
  },
  "06": {
    "mean_radius_real": 0.9700485869316575,
    "std_radius_real": 0.006718448569522219,
    "mean_radius_mapped": 0.9695372513576853,
    "std_radius_mapped": 0.006993163155503369,
    "mean_radius_sim": 0.8145602865871133,
    "std_radius_sim": 0.0005275106698779233,
    "mean_length_real": 6.685153791571247,
    "std_length_real": 0.13886383035196703,
    "mean_length_mapped": 6.675304110000657,
    "std_length_mapped": 0.13876969484378895,
    "mean_length_sim": 5.847106937321799,
    "std_length_sim": 0.1828698607533734,
    "mean_trajectory_diff_sim_vs_real": 0.10930637694007153,
    "std_trajectory_diff_sim_vs_real": 0.004890843082367334,
    "mean_trajectory_diff_mapped_vs_real": 0.012472197742178278,
    "std_trajectory_diff_mapped_vs_real": 0.0003727464708506986,
    "mean_wass_sim_vs_real": 0.1144331752214069,
    "std_wass_sim_vs_real": 0.01392583626562073,
    "mean_wass_mapped_vs_real": 0.0008259473350451272,
    "std_wass_mapped_vs_real": 0.00021661481539818242,
    "mean_p_value_traj_sim_vs_real": 0.32495056531627275,
    "std_p_value_traj_sim_vs_real": 0.07437530704454931,
    "mean_d_value_traj_sim_vs_real": -0.0997358732688431,
    "std_d_value_traj_sim_vs_real": 0.015461683632825492,
    "mean_p_value_traj_mapped_vs_real": 0.9988537037142156,
    "std_p_value_traj_mapped_vs_real": 0.0008975210459386539,
    "mean_d_value_traj_mapped_vs_real": 0.00014375735716855585,
    "std_d_value_traj_mapped_vs_real": 0.0001125584669448289
  },
  "1": {
    "mean_radius_real": 0.7077123468981015,
    "std_radius_real": 0.005107850140469977,
    "mean_radius_mapped": 0.7073431399959063,
    "std_radius_mapped": 0.005193047970704254,
    "mean_radius_sim": 0.5069718502374679,
    "std_radius_sim": 0.00011505409639453377,
    "mean_length_real": 6.328997676782505,
    "std_length_real": 0.21533367921971922,
    "mean_length_mapped": 6.3187237431526135,
    "std_length_mapped": 0.2149343859340864,
    "mean_length_sim": 3.8786826110622634,
    "std_length_sim": 0.016046610787767517,
    "mean_trajectory_diff_sim_vs_real": 0.18496104826979448,
    "std_trajectory_diff_sim_vs_real": 0.004571525675458263,
    "mean_trajectory_diff_mapped_vs_real": 0.010625416230666557,
    "std_trajectory_diff_mapped_vs_real": 0.0008432937057142163,
    "mean_wass_sim_vs_real": 0.1745818836232261,
    "std_wass_sim_vs_real": 0.005177704900334099,
    "mean_wass_mapped_vs_real": 0.0006620443275555041,
    "std_wass_mapped_vs_real": 6.59182301887709e-05,
    "mean_p_value_traj_sim_vs_real": 0.2525877289643497,
    "std_p_value_traj_sim_vs_real": 0.06759589301035951,
    "mean_d_value_traj_sim_vs_real": -0.11637516484725823,
    "std_d_value_traj_sim_vs_real": 0.01775641110542013,
    "mean_p_value_traj_mapped_vs_real": 0.998309532379329,
    "std_p_value_traj_mapped_vs_real": 0.0007201420121660093,
    "mean_d_value_traj_mapped_vs_real": 0.00021200205652599337,
    "std_d_value_traj_mapped_vs_real": 9.03132824843594e-05
  },
  "m03": {
    "mean_radius_real": 3.3229016093145654,
    "std_radius_real": 0.1938794065851998,
    "mean_radius_mapped": 3.3255034344380676,
    "std_radius_mapped": 0.19248586848363528,
    "mean_radius_sim": 1.614928867596842,
    "std_radius_sim": 0.0005725943525401902,
    "mean_length_real": 6.327330829000532,
    "std_length_real": 0.14705306156798945,
    "mean_length_mapped": 6.287533872362182,
    "std_length_mapped": 0.15213976649666433,
    "mean_length_sim": 6.914845156090197,
    "std_length_sim": 0.2442425159434867,
    "mean_trajectory_diff_sim_vs_real": 1.5814869138876146,
    "std_trajectory_diff_sim_vs_real": 0.04828613984624745,
    "mean_trajectory_diff_mapped_vs_real": 0.011338451298659397,
    "std_trajectory_diff_mapped_vs_real": 0.000852145325456452,
    "mean_wass_sim_vs_real": 0.8799373124166736,
    "std_wass_sim_vs_real": 0.17797330442880172,
    "mean_wass_mapped_vs_real": 0.004719381861033943,
    "std_wass_mapped_vs_real": 0.0031902770889791635,
    "mean_p_value_traj_sim_vs_real": 2.550222025976579e-07,
    "std_p_value_traj_sim_vs_real": 4.896603200847392e-07,
    "mean_d_value_traj_sim_vs_real": 0.588148404170153,
    "std_d_value_traj_sim_vs_real": 0.05613195472020249,
    "mean_p_value_traj_mapped_vs_real": 0.9835342883770354,
    "std_p_value_traj_mapped_vs_real": 0.02004759771054943,
    "mean_d_value_traj_mapped_vs_real": 0.001868118710546427,
    "std_d_value_traj_mapped_vs_real": 0.002666061971027338
  },
  "m06": {
    "mean_radius_real": 1.3126222907530891,
    "std_radius_real": 0.031668819567057,
    "mean_radius_mapped": 1.3128726584439359,
    "std_radius_mapped": 0.031422928135858126,
    "mean_radius_sim": 0.8163345032461603,
    "std_radius_sim": 0.0005686433841335354,
    "mean_length_real": 6.25408487158858,
    "std_length_real": 0.18357352285473147,
    "mean_length_mapped": 6.245234865708406,
    "std_length_mapped": 0.18332888575615114,
    "mean_length_sim": 5.736798759523657,
    "std_length_sim": 0.08828129981013222,
    "mean_trajectory_diff_sim_vs_real": 0.5517018674511331,
    "std_trajectory_diff_sim_vs_real": 0.17685616065983642,
    "mean_trajectory_diff_mapped_vs_real": 0.011901312647469884,
    "std_trajectory_diff_mapped_vs_real": 0.0005537081519695337,
    "mean_wass_sim_vs_real": 0.6241481051316997,
    "std_wass_sim_vs_real": 0.028701016431234794,
    "mean_wass_mapped_vs_real": 0.0009814862094571688,
    "std_wass_mapped_vs_real": 0.0002503764090874813,
    "mean_p_value_traj_sim_vs_real": 2.7092930399013643e-07,
    "std_p_value_traj_sim_vs_real": 4.446649678078227e-07,
    "mean_d_value_traj_sim_vs_real": 0.5568030227375912,
    "std_d_value_traj_sim_vs_real": 0.037663827982459985,
    "mean_p_value_traj_mapped_vs_real": 0.9960203028910156,
    "std_p_value_traj_mapped_vs_real": 0.0010993830286058419,
    "mean_d_value_traj_mapped_vs_real": -0.000499096992270122,
    "std_d_value_traj_mapped_vs_real": 0.00013787530402170576
  },
  "m1": {
    "mean_radius_real": 0.7466928026453974,
    "std_radius_real": 0.004066359994622937,
    "mean_radius_mapped": 0.7470659617832428,
    "std_radius_mapped": 0.004288390784947886,
    "mean_radius_sim": 0.5089336134946961,
    "std_radius_sim": 0.000212586032929566,
    "mean_length_real": 5.787410485353936,
    "std_length_real": 0.1364073908600369,
    "mean_length_mapped": 5.774468498976988,
    "std_length_mapped": 0.13601644932727489,
    "mean_length_sim": 3.858837847598204,
    "std_length_sim": 0.044879284911989815,