{
  "mixed_vs_real": [
    {
      "frame_index": 0,
      "average_iou": 0.8953866146848602,
      "matches": [
        {
          "bbox_ref": [
            [
              128,
              71
            ],
            [
              128,
              49
            ],
            [
              177,
              46
            ],
            [
              180,
              69
            ]
          ],
          "bbox_cmp": [
            [
              128,
              72
            ],
            [
              127,
              46
            ],
            [
              182,
              48
            ],
            [
              183,
              72
            ]
          ],
          "iou": 0.8953866146848602
        }
      ]
    }
  ],
  "sim_vs_real": [
    {
      "frame_index": 0,
      "average_iou": 0.7894736842105263,
      "matches": [
        {
          "bbox_ref": [
            [
              128,
              71
            ],
            [
              128,
              49
            ],
            [
              177,
              46
            ],
            [
              180,
              69
            ]
          ],
          "bbox_cmp": [
            [
              132,
              69
            ],
            [
              130,
              43
            ],
            [
              183,
              44
            ],
            [
              183,
              70
            ]
          ],
          "iou": 0.7894736842105263
        }
      ]
    }
  ]
}