{
  "mixed_vs_real": [
    {
      "frame_index": 0,
      "average_iou": 0.68,
      "matches": [
        {
          "bbox_ref": [
            [
              134,
              56
            ],
            [
              134,
              40
            ],
            [
              168,
              38
            ],
            [
              171,
              57
            ]
          ],
          "bbox_cmp": [
            [
              136,
              59
            ],
            [
              134,
              41
            ],
            [
              177,
              42
            ],
            [
              176,
              59
            ]
          ],
          "iou": 0.68
        }
      ]
    }
  ],
  "sim_vs_real": [
    {
      "frame_index": 0,
      "average_iou": 0.7777777777777778,
      "matches": [
        {
          "bbox_ref": [
            [
              134,
              56
            ],
            [
              134,
              40
            ],
            [
              168,
              38
            ],
            [
              171,
              57
            ]
          ],
          "bbox_cmp": [
            [
              137,
              56
            ],
            [
              137,
              38
            ],
            [
              173,
              38
            ],
            [
              176,
              56
            ]
          ],
          "iou": 0.7777777777777778
        }
      ]
    }
  ]
}