{
  "mixed_vs_real": [
    {
      "frame_index": 0,
      "average_iou": 0.4198335356337784,
      "matches": [
        {
          "bbox_ref": [
            [
              27,
              79
            ],
            [
              27,
              60
            ],
            [
              62,
              55
            ],
            [
              61,
              76
            ]
          ],
          "bbox_cmp": [
            [
              15,
              77
            ],
            [
              10,
              53
            ],
            [
              66,
              52
            ],
            [
              67,
              74
            ]
          ],
          "iou": 0.5240506329113924
        },
        {
          "bbox_ref": [
            [
              252,
              70
            ],
            [
              250,
              48
            ],
            [
              285,
              50
            ],
            [
              286,
              70
            ]
          ],
          "bbox_cmp": [
            [
              255,
              75
            ],
            [
              256,
              53
            ],
            [
              316,
              54
            ],
            [
              311,
              77
            ]
          ],
          "iou": 0.3156164383561644
        }
      ]
    }
  ],
  "sim_vs_real": [
    {
      "frame_index": 0,
      "average_iou": 0.42756836874073645,
      "matches": [
        {
          "bbox_ref": [
            [
              27,
              79
            ],
            [
              27,
              60
            ],
            [
              62,
              55
            ],
            [
              61,
              76
            ]
          ],
          "bbox_cmp": [
            [
              17,
              75
            ],
            [
              14,
              51
            ],
            [
              69,
              49
            ],
            [
              71,
              74
            ]
          ],
          "iou": 0.4421052631578947
        },
        {
          "bbox_ref": [
            [
              252,
              70
            ],
            [
              250,
              48
            ],
            [
              285,
              50
            ],
            [
              286,
              70
            ]
          ],
          "bbox_cmp": [
            [
              253,
              75
            ],
            [
              256,
              49
            ],
            [
              313,
              53
            ],
            [
              306,
              76
            ]
          ],
          "iou": 0.4130314743235781
        }
      ]
    }
  ]
}