{
  "mixed_vs_real": [
    {
      "frame_index": 0,
      "average_iou": 0.2851316426239974,
      "matches": [
        {
          "bbox_ref": [
            [
              32,
              66
            ],
            [
              33,
              53
            ],
            [
              56,
              48
            ],
            [
              56,
              62
            ]
          ],
          "bbox_cmp": [
            [
              22,
              60
            ],
            [
              21,
              44
            ],
            [
              58,
              42
            ],
            [
              59,
              59
            ]
          ],
          "iou": 0.36475869809203143
        },
        {
          "bbox_ref": [
            [
              262,
              56
            ],
            [
              261,
              42
            ],
            [
              284,
              45
            ],
            [
              287,
              58
            ]
          ],
          "bbox_cmp": [
            [
              272,
              62
            ],
            [
              273,
              45
            ],
            [
              316,
              46
            ],
            [
              312,
              63
            ]
          ],
          "iou": 0.20550458715596331
        }
      ]
    }
  ],
  "sim_vs_real": [
    {
      "frame_index": 0,
      "average_iou": 0.30342517707596584,
      "matches": [
        {
          "bbox_ref": [
            [
              32,
              66
            ],
            [
              33,
              53
            ],
            [
              56,
              48
            ],
            [
              56,
              62
            ]
          ],
          "bbox_cmp": [
            [
              27,
              60
            ],
            [
              24,
              43
            ],
            [
              59,
              41
            ],
            [
              62,
              58
            ]
          ],
          "iou": 0.34946236559139787
        },
        {
          "bbox_ref": [
            [
              262,
              56
            ],
            [
              261,
              42
            ],
            [
              284,
              45
            ],
            [
              287,
              58
            ]
          ],
          "bbox_cmp": [
            [
              270,
              60
            ],
            [
              272,
              44
            ],
            [
              312,
              45
            ],
            [
              308,
              63
            ]
          ],
          "iou": 0.25738798856053385
        }
      ]
    }
  ]
}