{
  "mixed_vs_real": [
    {
      "frame_index": 0,
      "average_iou": 0.7455021970850313,
      "matches": [
        {
          "bbox_ref": [
            [
              30,
              142
            ],
            [
              27,
              90
            ],
            [
              136,
              74
            ],
            [
              143,
              122
            ]
          ],
          "bbox_cmp": [
            [
              20,
              141
            ],
            [
              5,
              86
            ],
            [
              142,
              75
            ],
            [
              142,
              124
            ]
          ],
          "iou": 0.8140777207499739
        },
        {
          "bbox_ref": [
            [
              166,
              121
            ],
            [
              174,
              67
            ],
            [
              286,
              84
            ],
            [
              283,
              146
            ]
          ],
          "bbox_cmp": [
            [
              168,
              122
            ],
            [
              170,
              74
            ],
            [
              315,
              94
            ],
            [
              294,
              153
            ]
          ],
          "iou": 0.6769266734200888
        }
      ]
    }
  ],
  "sim_vs_real": [
    {
      "frame_index": 0,
      "average_iou": 0.7343039202533215,
      "matches": [
        {
          "bbox_ref": [
            [
              30,
              142
            ],
            [
              27,
              90
            ],
            [
              136,
              74
            ],
            [
              143,
              122
            ]
          ],
          "bbox_cmp": [
            [
              24,
              140
            ],
            [
              6,
              85
            ],
            [
              142,
              69
            ],
            [
              144,
              122
            ]
          ],
          "iou": 0.7653778558875219
        },
        {
          "bbox_ref": [
            [
              166,
              121
            ],
            [
              174,
              67
            ],
            [
              286,
              84
            ],
            [
              283,
              146
            ]
          ],
          "bbox_cmp": [
            [
              168,
              122
            ],
            [
              169,
              74
            ],
            [
              309,
              96
            ],
            [
              291,
              153
            ]
          ],
          "iou": 0.7032299846191209
        }
      ]
    }
  ]
}