{
  "mixed_vs_real": [
    {
      "frame_index": 0,
      "average_iou": 0.5899987878498909,
      "matches": [
        {
          "bbox_ref": [
            [
              29,
              98
            ],
            [
              27,
              69
            ],
            [
              86,
              56
            ],
            [
              90,
              85
            ]
          ],
          "bbox_cmp": [
            [
              17,
              97
            ],
            [
              6,
              63
            ],
            [
              93,
              55
            ],
            [
              98,
              87
            ]
          ],
          "iou": 0.6615801132168349
        },
        {
          "bbox_ref": [
            [
              215,
              83
            ],
            [
              218,
              53
            ],
            [
              284,
              62
            ],
            [
              283,
              94
            ]
          ],
          "bbox_cmp": [
            [
              215,
              91
            ],
            [
              217,
              57
            ],
            [
              313,
              66
            ],
            [
              300,
              105
            ]
          ],
          "iou": 0.5184174624829468
        }
      ]
    }
  ],
  "sim_vs_real": [
    {
      "frame_index": 0,
      "average_iou": 0.5959745955688533,
      "matches": [
        {
          "bbox_ref": [
            [
              29,
              98
            ],
            [
              27,
              69
            ],
            [
              86,
              56
            ],
            [
              90,
              85
            ]
          ],
          "bbox_cmp": [
            [
              20,
              96
            ],
            [
              10,
              62
            ],
            [
              94,
              53
            ],
            [
              99,
              84
            ]
          ],
          "iou": 0.6418786692759295
        },
        {
          "bbox_ref": [
            [
              215,
              83
            ],
            [
              218,
              53
            ],
            [
              284,
              62
            ],
            [
              283,
              94
            ]
          ],
          "bbox_cmp": [
            [
              212,
              88
            ],
            [
              218,
              56
            ],
            [
              308,
              67
            ],
            [
              295,
              104
            ]
          ],
          "iou": 0.5500705218617772
        }
      ]
    }
  ]
}