{
  "mixed_vs_real": [
    {
      "frame_index": 0,
      "average_iou": 0.8081597222222222,
      "matches": [
        {
          "bbox_ref": [
            [
              80,
              145
            ],
            [
              81,
              83
            ],
            [
              211,
              74
            ],
            [
              216,
              139
            ]
          ],
          "bbox_cmp": [
            [
              79,
              141
            ],
            [
              72,
              82
            ],
            [
              212,
              79
            ],
            [
              210,
              136
            ]
          ],
          "iou": 0.8081597222222222
        }
      ]
    }
  ],
  "sim_vs_real": [
    {
      "frame_index": 0,
      "average_iou": 0.7640649762282092,
      "matches": [
        {
          "bbox_ref": [
            [
              80,
              145
            ],
            [
              81,
              83
            ],
            [
              211,
              74
            ],
            [
              216,
              139
            ]
          ],
          "bbox_cmp": [
            [
              83,
              140
            ],
            [
              76,
              83
            ],
            [
              212,
              83
            ],
            [
              208,
              136
            ]
          ],
          "iou": 0.7640649762282092
        }
      ]
    }
  ]
}