{
  "mixed_vs_real": [
    {
      "frame_index": 0,
      "average_iou": 0.7272727272727273,
      "matches": [
        {
          "bbox_ref": [
            [
              114,
              86
            ],
            [
              113,
              56
            ],
            [
              185,
              52
            ],
            [
              188,
              84
            ]
          ],
          "bbox_cmp": [
            [
              118,
              93
            ],
            [
              115,
              57
            ],
            [
              188,
              55
            ],
            [
              190,
              89
            ]
          ],
          "iou": 0.7272727272727273
        }
      ]
    }
  ],
  "sim_vs_real": [
    {
      "frame_index": 0,
      "average_iou": 0.7820343461030383,
      "matches": [
        {
          "bbox_ref": [
            [
              114,
              86
            ],
            [
              113,
              56
            ],
            [
              185,
              52
            ],
            [
              188,
              84
            ]
          ],
          "bbox_cmp": [
            [
              117,
              89
            ],
            [
              115,
              56
            ],
            [
              190,
              55
            ],
            [
              188,
              90
            ]
          ],
          "iou": 0.7820343461030383
        }
      ]
    }
  ]
}