{
  "fail": {
    "sim": {
      "frechet_vs_real": {
        "p_value": 0.002343219702730609,
        "cohen_d": 16.8377316896329,
        "mean": 3.7264256948447065,
        "std": 0.255551391088907
      },
      "mean_euclidean_vs_real": {
        "p_value": 7.572170207200791e-05,
        "cohen_d": 93.82520489784746,
        "mean": 2.729931015845741,
        "std": 0.033597078921035355
      }
    },
    "mixed": {
      "frechet_vs_real": {
        "p_value": 0.07410438055114214,
        "cohen_d": 2.8300433263403293,
        "mean": 0.39925061453792554,
        "std": 0.16290029741394493
      },
      "mean_euclidean_vs_real": {
        "p_value": 0.09621901297142033,
        "cohen_d": 2.4383364322842382,
        "mean": 0.24056885159387434,
        "std": 0.11392397651725829
      }
    }
  }
}