{
  "0.34": {
    "braking_real": {
      "mean": 0.06537285072849353,
      "std": 0.0
    },
    "braking_sim": {
      "mean": 0.1331114577033492,
      "std": 0.0
    },
    "braking_mapped": {
      "mean": 0.08640317748696265,
      "std": 0.0
    },
    "avg_speed_real": {
      "mean": 0.3712817994943091,
      "std": 0.0
    },
    "avg_speed_mapped": {
      "mean": 0.3534201440738331,
      "std": 0.0
    },
    "avg_speed_sim": {
      "mean": 0.278327321815569,
      "std": 0.0
    },
    "avg_accel_real": {
      "mean": -0.00023432619894126497,
      "std": 0.0
    },
    "avg_accel_mapped": {
      "mean": -0.0005650287723139076,
      "std": 0.0
    },
    "avg_accel_sim": {
      "mean": 0.007686039482922236,
      "std": 0.0
    }
  },
  "0.365": {
    "braking_real": {
      "mean": 0.2245252955747037,
      "std": 0.0
    },
    "braking_sim": {
      "mean": 0.1746337635527573,
      "std": 0.0
    },
    "braking_mapped": {
      "mean": 0.2918673645015645,
      "std": 0.0
    },
    "avg_speed_real": {
      "mean": 0.4247744493418182,
      "std": 0.0
    },
    "avg_speed_mapped": {
      "mean": 0.40956560481497856,
      "std": 0.0
    },
    "avg_speed_sim": {
      "mean": 0.290128362849149,
      "std": 0.0
    },
    "avg_accel_real": {
      "mean": -0.0005367789063512748,
      "std": 0.0
    },
    "avg_accel_mapped": {
      "mean": 0.0001314141974552787,
      "std": 0.0
    },
    "avg_accel_sim": {
      "mean": 0.008550927288551677,
      "std": 0.0
    }
  },
  "0.39": {
    "braking_real": {
      "mean": 0.2736483082433131,
      "std": 0.1540590735068805
    },
    "braking_sim": {
      "mean": 0.18538964314365727,
      "std": 0.025075274300852504
    },
    "braking_mapped": {
      "mean": 0.33728238467635185,
      "std": 0.18297405471129222
    },
    "avg_speed_real": {
      "mean": 0.5034257848833504,
      "std": 0.07698395109201663
    },
    "avg_speed_mapped": {
      "mean": 0.48194550054733665,
      "std": 0.07131246212894164
    },
    "avg_speed_sim": {
      "mean": 0.29413235841255436,
      "std": 0.013220058384936048
    },
    "avg_accel_real": {
      "mean": 0.0005733575232895183,
      "std": 0.0022306784511996964
    },
    "avg_accel_mapped": {
      "mean": 0.0021434673757485586,
      "std": 0.004817045594550997
    },
    "avg_accel_sim": {
      "mean": 0.008228932839559602,
      "std": 0.0016042476438646797
    }
  },
  "global_stats": {
    "p_speed_sim_vs_real": 1.488305499926488e-161,
    "d_speed_sim_vs_real": 0.5140168517763792,
    "p_speed_mapped_vs_real": 0.003574633413164146,
    "d_speed_mapped_vs_real": 0.05404720900509025,
    "p_accel_sim_vs_real": 2.1647786398046947e-35,
    "d_accel_sim_vs_real": -0.23211102453469665,
    "p_accel_mapped_vs_real": 0.5156534509683691,
    "d_accel_mapped_vs_real": -0.012077933163843934
  }
}