{
  "sim": {
    "Average speed error": {
      "mean": 0.3418007788018094,
      "std": 0.2434484461741519
    },
    "Target speed error": {
      "0.4": {
        "mean": 0.3985172883738726,
        "std": 0.0037689962681364
      },
      "0.8": {
        "mean": 0.45628711750276785,
        "std": 0.19616380823515314
      },
      "0.6": {
        "mean": 0.09703540987055091,
        "std": 0.05892061355021818
      },
      "0.0": {
        "mean": 0.3833376806121492,
        "std": 0.2514991000903207
      }
    }
  },
  "real": {
    "Average speed error": {
      "mean": 0.2673457811993112,
      "std": 0.2461106913171888
    },
    "Target speed error": {
      "0.4": {
        "mean": 0.38654298271756526,
        "std": 0.020665169801160243
      },
      "0.8": {
        "mean": 0.4561153212613368,
        "std": 0.14341605339382427
      },
      "0.6": {
        "mean": 0.14238071280345907,
        "std": 0.05403371047929744
      },
      "0.0": {
        "mean": 0.2354231434882648,
        "std": 0.2821070270627683
      }
    }
  },
  "mapped": {
    "Average speed error": {
      "mean": 0.30776368170942164,
      "std": 0.22961443992038122
    },
    "Target speed error": {
      "0.4": {
        "mean": 0.3294235262400589,
        "std": 0.030944766710346377
      },
      "0.8": {
        "mean": 0.4526899496926097,
        "std": 0.15436822584934018
      },
      "0.6": {
        "mean": 0.16992626743246358,
        "std": 0.07867270781501122
      },
      "0.0": {
        "mean": 0.303600333993363,
        "std": 0.26322371471080774
      }
    }
  },
  "stats_vs_real": {
    "p_value_sim_vs_real": 6.958555117631595e-44,
    "d_value_sim_vs_real": -0.30413109725166415,
    "p_value_mapped_vs_real": 6.85010266875937e-15,
    "d_value_mapped_vs_real": -0.16979905408960963
  },
  "raw_speed_vs_real": {
    "p_value_sim_vs_real": 3.0969087518603675e-33,
    "d_value_sim_vs_real": -0.2625779913273773,
    "p_value_mapped_vs_real": 1.9999702018994106e-13,
    "d_value_mapped_vs_real": -0.1602072369581227
  }
}