{
  "mixed_vs_real": {
    "average_center_distance": 0.0583439183115002,
    "average_normal_angle_diff_deg": 65.91540628712552,
    "matches": [
      {
        "ref_center": [
          0.0951863806694746,
          0.08546440862119198,
          1.1470588445663452
        ],
        "cmp_center": [
          0.06458283169195056,
          0.07743217051029205,
          1.1960784196853638
        ],
        "center_distance": 0.0583439183115002,
        "normal_angle_diff_deg": 65.91540628712552
      }
    ]
  },
  "sim_vs_real": {
    "average_center_distance": 0.05930209031395072,
    "average_normal_angle_diff_deg": 65.91540628712552,
    "matches": [
      {
        "ref_center": [
          0.0951863806694746,
          0.08546440862119198,
          1.1470588445663452
        ],
        "cmp_center": [
          0.06279344437643886,
          0.07743217051029205,
          1.1960784196853638
        ],
        "center_distance": 0.05930209031395072,
        "normal_angle_diff_deg": 65.91540628712552
      }
    ]
  }
}