{
  "mixed_vs_real": {
    "average_center_distance": 0.12096674613033619,
    "average_normal_angle_diff_deg": 68.16379722540603,
    "matches": [
      {
        "ref_center": [
          0.08515753224492073,
          0.010376855731010437,
          1.5980392098426819
        ],
        "cmp_center": [
          0.04613650543615222,
          0.030348189175128937,
          1.7107843160629272
        ],
        "center_distance": 0.12096674613033619,
        "normal_angle_diff_deg": 68.16379722540603
      }
    ]
  },
  "sim_vs_real": {
    "average_center_distance": 0.12096674613033619,
    "average_normal_angle_diff_deg": 68.16379722540603,
    "matches": [
      {
        "ref_center": [
          0.08515753224492073,
          0.010376855731010437,
          1.5980392098426819
        ],
        "cmp_center": [
          0.04613650543615222,
          0.030348189175128937,
          1.7107843160629272
        ],
        "center_distance": 0.12096674613033619,
        "normal_angle_diff_deg": 68.16379722540603
      }
    ]
  }
}