{
  "mixed_vs_real": {
    "average_center_distance": 0.04302824566058794,
    "average_normal_angle_diff_deg": 49.670099758072084,
    "matches": [
      {
        "ref_center": [
          0.0987318679690361,
          0.6527916193008423,
          1.1715686619281769
        ],
        "cmp_center": [
          0.0674602931831032,
          0.6165158152580261,
          1.2156862914562225
        ],
        "center_distance": 0.06511689937119916,
        "normal_angle_diff_deg": 36.72048525595076
      },
      {
        "ref_center": [
          0.07631094194948673,
          -0.4697851240634918,
          1.0490196347236633
        ],
        "cmp_center": [
          0.06721732130972669,
          -0.4509231895208359,
          1.0490196198225021
        ],
        "center_distance": 0.020939591949976712,
        "normal_angle_diff_deg": 62.619714260193405
      }
    ]
  },
  "sim_vs_real": {
    "average_center_distance": 0.04065234976572012,
    "average_normal_angle_diff_deg": 53.825730318538234,
    "matches": [
      {
        "ref_center": [
          0.0987318679690361,
          0.6527916193008423,
          1.1715686619281769
        ],
        "cmp_center": [
          0.06879365164786577,
          0.6186385378241539,
          1.2058823704719543
        ],
        "center_distance": 0.0569224065274283,
        "normal_angle_diff_deg": 36.83490799326211
      },
      {
        "ref_center": [
          0.07631094194948673,
          -0.4697851240634918,
          1.0490196347236633
        ],
        "cmp_center": [
          0.0702387515339069,
          -0.4461710453033447,
          1.0490196347236633
        ],
        "center_distance": 0.02438229300401194,
        "normal_angle_diff_deg": 70.81655264381436
      }
    ]
  }
}