{
  "mixed_vs_real": {
    "average_center_distance": 0.14109980157144492,
    "average_normal_angle_diff_deg": 60.77184508465591,
    "matches": [
      {
        "ref_center": [
          0.10888064838945866,
          0.8682917952537537,
          1.4313725531101227
        ],
        "cmp_center": [
          0.05520725669339299,
          0.8839803338050842,
          1.5980392098426819
        ],
        "center_distance": 0.17579743366853964,
        "normal_angle_diff_deg": 73.47069386195157
      },
      {
        "ref_center": [
          0.07913156412541866,
          -0.759551465511322,
          1.3480392396450043
        ],
        "cmp_center": [
          0.053008250426501036,
          -0.7916031032800674,
          1.4460784494876862
        ],
        "center_distance": 0.10640216947435019,
        "normal_angle_diff_deg": 48.072996307360235
      }
    ]
  },
  "sim_vs_real": {
    "average_center_distance": 0.15122191895910336,
    "average_normal_angle_diff_deg": 64.66571750335152,
    "matches": [
      {
        "ref_center": [
          0.10888064838945866,
          0.8682917952537537,
          1.4313725531101227
        ],
        "cmp_center": [
          0.05614595161750913,
          0.8838629871606827,
          1.5980392098426819
        ],
        "center_distance": 0.1755026630209371,
        "normal_angle_diff_deg": 74.22975791500734
      },
      {
        "ref_center": [
          0.07913156412541866,
          -0.759551465511322,
          1.3480392396450043
        ],
        "cmp_center": [
          0.06122454348951578,
          -0.803739458322525,
          1.4656862616539001
        ],
        "center_distance": 0.12694117489726967,
        "normal_angle_diff_deg": 55.1016770916957
      }
    ]
  }
}