{
  "mixed_vs_real": {
    "average_center_distance": 0.07694743492618698,
    "average_normal_angle_diff_deg": 36.06617538734821,
    "matches": [
      {
        "ref_center": [
          0.10102795250713825,
          0.24658390507102013,
          0.4313725531101227
        ],
        "cmp_center": [
          0.08484335686080158,
          0.18512328527867794,
          0.38235294818878174
        ],
        "center_distance": 0.08026375637944326,
        "normal_angle_diff_deg": 49.55175812878804
      },
      {
        "ref_center": [
          0.06827490316936746,
          -0.13510277727618814,
          0.4215686321258545
        ],
        "cmp_center": [
          0.08277123514562845,
          -0.1127047692425549,
          0.3529411852359772
        ],
        "center_distance": 0.0736311134729307,
        "normal_angle_diff_deg": 22.58059264590838
      }
    ]
  },
  "sim_vs_real": {
    "average_center_distance": 0.07466986991203453,
    "average_normal_angle_diff_deg": 32.97503502053758,
    "matches": [
      {
        "ref_center": [
          0.10102795250713825,
          0.24658390507102013,
          0.4313725531101227
        ],
        "cmp_center": [
          0.09567705495283008,
          0.1765123549848795,
          0.397058829665184
        ],
        "center_distance": 0.07820540807877004,
        "normal_angle_diff_deg": 42.68433533791498
      },
      {
        "ref_center": [
          0.06827490316936746,
          -0.13510277727618814,
          0.4215686321258545
        ],
        "cmp_center": [
          0.09405827010050416,
          -0.11681689403485507,
          0.35784314572811127
        ],
        "center_distance": 0.07113433174529901,
        "normal_angle_diff_deg": 23.265734703160188
      }
    ]
  }
}