{
  "mixed_vs_real": {
    "average_center_distance": 0.05417425006142139,
    "average_normal_angle_diff_deg": 36.65902173123423,
    "matches": [
      {
        "ref_center": [
          0.10899683460593224,
          0.3799348957836628,
          0.7843137383460999
        ],
        "cmp_center": [
          0.07787174033001065,
          0.3351227939128876,
          0.7205882519483566
        ],
        "center_distance": 0.08389179688378774,
        "normal_angle_diff_deg": 56.58071949144164
      },
      {
        "ref_center": [
          0.08098512655124068,
          -0.2820139806717634,
          0.6960784494876862
        ],
        "cmp_center": [
          0.07766099716536701,
          -0.30127060413360596,
          0.6813725680112839
        ],
        "center_distance": 0.024456703239055036,
        "normal_angle_diff_deg": 16.737323971026832
      }
    ]
  },
  "sim_vs_real": {
    "average_center_distance": 0.04800662844802006,
    "average_normal_angle_diff_deg": 43.9255050441632,
    "matches": [
      {
        "ref_center": [
          0.10899683460593224,
          0.3799348957836628,
          0.7843137383460999
        ],
        "cmp_center": [
          0.08313859021291137,
          0.3363735117018223,
          0.7303921729326248
        ],
        "center_distance": 0.07398498633408329,
        "normal_angle_diff_deg": 65.27313495071022
      },
      {
        "ref_center": [
          0.08098512655124068,
          -0.2820139806717634,
          0.6960784494876862
        ],
        "cmp_center": [
          0.09087742934934795,
          -0.30107592791318893,
          0.6911764889955521
        ],
        "center_distance": 0.022028270561956838,
        "normal_angle_diff_deg": 22.577875137616182
      }
    ]
  }
}