{
  "mixed_vs_real": {
    "average_center_distance": 0.0317015739520461,
    "average_normal_angle_diff_deg": 17.470501060411127,
    "matches": [
      {
        "ref_center": [
          0.10876804799772799,
          0.011208470910787582,
          0.3480392247438431
        ],
        "cmp_center": [
          0.09079010598361492,
          0.020211413502693176,
          0.3235294222831726
        ],
        "center_distance": 0.0317015739520461,
        "normal_angle_diff_deg": 17.470501060411127
      }
    ]
  },
  "sim_vs_real": {
    "average_center_distance": 0.038395104655560584,
    "average_normal_angle_diff_deg": 25.515127713278265,
    "matches": [
      {
        "ref_center": [
          0.10876804799772799,
          0.011208470910787582,
          0.3480392247438431
        ],
        "cmp_center": [
          0.08572193561121821,
          0.020040739327669144,
          0.3186274617910385
        ],
        "center_distance": 0.038395104655560584,
        "normal_angle_diff_deg": 25.515127713278265
      }
    ]
  }
}