{
  "sim_vs_real": {
    "average_center_distance": 0.03200351441403621,
    "average_normal_angle_diff_deg": 22.737890884797295,
    "matches": [
      {
        "ref_center": [
          0.0995738785713911,
          0.020643575116991997,
          0.789215698838234
        ],
        "cmp_center": [
          0.07637713907752186,
          -0.0008530989289283752,
          0.7843137383460999
        ],
        "center_distance": 0.03200351441403621,
        "normal_angle_diff_deg": 22.737890884797295
      }
    ]
  },
  "mixed_vs_real": {
    "average_center_distance": 0.031163520882294866,
    "average_normal_angle_diff_deg": 22.737890884797295,
    "matches": [
      {
        "ref_center": [
          0.0995738785713911,
          0.020643575116991997,
          0.789215698838234
        ],
        "cmp_center": [
          0.0775505086639896,
          -0.0008530989289283752,
          0.7843137383460999
        ],
        "center_distance": 0.031163520882294866,
        "normal_angle_diff_deg": 22.737890884797295
      }
    ]
  }
}